Condition,BL#,Repeat,BATCH,Fly 1,Fly 1,Fly 2,Fly 2,Fly 3,Fly 3,Fly 4,Fly 4,Fly 5,Fly 5,Fly 6,Fly 6,Fly 7,Fly 7,Fly 8,Fly 8,Fly 9,Fly 9,Fly 10,Fly 10,FbID
CG11062,BL# 42493,1,0,20,20,17,17,19,22,21,20,20,20,21,20,18,21,21,20,21,18,17,19,FBgn0024913
CG1133,BL# 34706,1,0,17,21,18,18,20,19,16,16,18,21,17,19,20,21,20,18,17,19,21,22,FBgn0003002
CG12227,,1,0,20,22,21,22,21,22,23,21,20,23,23,20,20,22,21,21,19,19,,,FBgn0034863
CG1475,,1,0,0,0,0,0,0,0,0,0,0,0,0,0,0,0,0,0,0,0,0,0,FBgn0037351
CG17291,BL# 43283,1,0,20,21,22,19,19,19,16,22,19,20,18,19,19,21,22,19,20,18,20,21,FBgn0260439
CG4114,BL# 34968,1,0,22,20,23,21,23,23,23,23,23,19,26,23,22,21,23,24,26,21,23,22,FBgn0004583
CG42281,BL# 28322,1,0,16,12,10,10,17,15,15,15,13,16,17,16,15,14,12,14,15,16,12,13,FBgn0259176
CG5083,BL# 36697,1,0,18,19,21,25,18,20,21,20,18,21,22,20,21,21,19,22,18,22,19,19,FBgn0038390
CG7109,BL# 27723,1,0,0,0,0,0,0,0,0,0,0,0,0,0,0,0,0,0,0,0,0,0,FBgn0004177
CG7147,,1,0,19,21,21,20,22,21,17,18,19,22,22,21,20,21,19,17,19,20,21,20,FBgn0259984
CG7734,BL# 34689,1,0,21,26,23,24,24,21,20,19,23,18,25,21,24,23,,,,,,,FBgn0003396
CG9224,,1,0,18,19,20,19,19,20,21,17,18,20,17,20,20,18,21,21,18,23,16,20,FBgn0003463
OR,,1,0,17,18,17,17,20,18,18,18,19,17,17,21,17,19,17,16,17,18,19,19,Control
Tj>HpoRNAi,,1,0,21,18,19,18,19,18,19,20,21,20,19,21,21,19,19,20,17,20,19,17,Control
"Tj>HpoRNAi,Bab2RNAi",BL# 35720,1,0,22,21,26,26,23,27,22,27,20,26,20,20,19,20,22,22,,,,,Control
"Tj>HpoRNAi,HpoRNAi",BL# 33614,1,0,21,22,24,22,20,22,21,26,18,24,21,21,20,19,20,19,24,22,23,18,Control
CG10079,BL# 31183,1,1,20,21,18,19,19,20,21,20,24,19,20,22,19,20,20,21,21,19,22,19,FBgn0003731
CG12306,BL# 33042,1,1,0,0,0,0,0,0,0,0,0,0,0,0,0,0,0,0,0,0,0,0,FBgn0003124
CG1775,BL# 31928,1,1,21,18,22,20,21,20,23,20,20,23,19,19,19,19,19,21,18,19,18,18,FBgn0011655
CG18290,BL# 42652,1,1,19,24,22,22,21,20,21,19,22,21,23,22,24,22,22,21,20,20,22,23,FBgn0000046
CG2671,BL# 31517,1,1,22,24,18,20,19,21,21,20,21,19,19,21,19,21,23,21,19,17,18,18,FBgn0002121
CG3497,BL# 28900,1,1,25,22,14,18,21,25,26,23,23,20,23,22,23,21,24,24,25,24,23,22,FBgn0004837
CG6054,BL# 28559,1,1,21,22,22,24,21,20,20,19,22,19,20,21,23,29,22,20,23,22,22,21,FBgn0005355
CG7926,BL# 31705,1,1,20,21,17,19,19,18,19,19,19,20,22,22,19,16,18,19,19,24,21,21,FBgn0026597
OR,,1,1,18,18,16,18,15,18,17,17,20,20,17,18,20,20,17,18,20,16,18,22,Control
Tj>HpoRNAi,,1,1,20,20,21,20,21,22,18,19,19,19,19,19,19,17,22,20,20,21,20,18,Control
Tj>HpoRNAi,,2,1,19,16,17,21,20,18,18,19,21,21,19,18,20,20,18,21,20,20,20,18,Control
"Tj>HpoRNAi,Bab1RNAi",v50826,1,1,21,19,19,19,21,18,19,20,18,16,22,20,19,21,17,20,15,17,18,20,Control
"Tj>HpoRNAi,Bab2RNAi",BL# 35720,1,1,18,23,21,22,20,23,23,21,20,22,24,22,20,21,25,20,22,22,24,21,Control
"Tj>HpoRNAi,Hpo",,1,1,17,16,18,16,16,17,19,9,20,20,17,17,19,19,16,17,16,16,17,18,Control
"Tj>HpoRNAi,HpoRNAi",BL# 33614,1,1,19,23,21,21,20,18,18,23,20,21,18,19,23,19,18,18,21,17,19,24,Control
"Tj>HpoRNAi,Yki",,1,1,14,8,11,14,7,18,17,9,12,17,19,14,17,19,15,12,18,19,22,20,Control
"Tj>HpoRNAi,YkiRNAi",,1,1,22,22,19,18,13,19,18,20,18,19,17,16,16,18,14,18,20,18,17,16,Control
CG10079,CG10079,2,2,20,19,23,19,20,19,19,21,19,20,19,20,21,20,23,19,19,20,21,19,FBgn0003731
CG1081,BL# 33966,1,2,19,20,18,16,19,18,16,16,17,18,17,18,18,16,16,20,18,19,17,20,FBgn0041191
CG1725,BL# 36771,1,2,0,0,0,0,0,0,0,0,0,0,0,0,0,0,0,0,0,0,0,0,FBgn0001624
CG2160,BL# 42830,1,2,22,25,25,22,26,20,25,22,25,29,25,23,20,25,26,23,25,21,24,24,FBgn0033266
CG2262,BL# 41670,1,2,10,13,12,10,11,15,13,11,13,15,8,9,15,11,12,10,13,14,10,14,FBgn0025800
CG2411,BL# 55686,1,2,1,1,1,1,1,1,1,1,1,1,1,1,1,1,1,1,1,1,1,1,FBgn0003892
CG2845,BL# 55679,1,2,23,24,23,23,23,20,18,21,20,21,26,21,24,23,22,24,19,21,24,26,FBgn0003079
CG2855,BL# 38249,1,2,19,18,14,16,17,16,19,19,18,16,18,21,19,13,19,18,19,19,18,15,FBgn0031458
CG2863,,1,2,0,0,0,0,0,0,0,0,0,0,0,0,0,0,0,0,0,0,0,0,FBgn0021874
CG3619,BL# 36784,1,2,17,16,18,19,17,18,18,25,19,18,16,21,18,16,20,17,18,19,26,20,FBgn0000463
CG4005,BL# 34067,1,2,17,14,18,14,14,19,19,18,19,17,22,16,17,19,18,17,0,0,19,17,FBgn0034970
CG4261,BL# 32895,1,2,23,26,25,22,24,25,21,26,24,24,23,21,23,20,26,19,27,23,22,24,FBgn0022787
CG4426,BL# 51700,1,2,21,20,22,22,25,24,21,23,20,23,21,23,22,21,19,21,18,20,20,22,FBgn0015905
CG4803,BL# 55899,1,2,21,23,20,23,25,23,22,23,22,20,22,25,22,21,24,27,28,20,16,22,FBgn0039015
CG5460,BL# 34703,1,2,19,19,18,23,20,22,26,22,21,28,26,23,28,24,24,26,21,27,22,25,FBgn0001169
CG6127,BL# 34700,1,2,21,21,21,18,20,21,23,22,20,20,19,19,18,21,22,24,19,22,18,21,FBgn0004197
CG6235,BL# 38899,1,2,22,19,20,18,21,18,22,20,24,19,17,17,21,16,25,21,19,23,26,24,FBgn0004889
CG6554,BL# 36891,1,2,21,22,23,25,21,24,21,23,22,23,18,25,23,25,19,21,20,21,20,24,FBgn0037834
CG6556,BL# 33366,1,2,22,19,18,19,22,19,25,22,17,17,17,23,21,22,18,17,22,19,17,19,FBgn0286070
CG6736,BL# 33682,1,2,18,21,18,19,22,22,20,23,19,23,22,22,20,21,18,22,22,18,20,18,FBgn0044049
CG7583,BL# 32889,1,2,12,9,9,13,11,10,12,10,10,11,12,9,10,12,9,9,12,11,11,10,FBgn0020496
CG7793,BL# 34833,1,2,12,11,9,13,13,13,14,14,10,13,15,17,14,13,15,14,12,10,13,15,FBgn0001965
CG7892,BL# 42570,1,2,24,22,21,21,21,19,20,20,21,21,20,18,22,21,19,22,24,23,19,18,FBgn0011817
CG8068,BL# 58067,1,2,0,0,0,0,0,0,0,0,0,0,0,0,0,0,0,0,0,0,0,0,FBgn0003612
CG8075,BL# 34354,1,2,21,23,20,20,19,22,16,21,23,23,20,24,23,23,20,22,20,21,20,25,FBgn0015838
CG8544,BL# 55404,1,2,18,21,23,23,21,22,21,20,20,21,19,20,20,20,19,21,22,21,23,20,FBgn0003345
CG9374,BL# 34362,1,2,21,22,25,22,21,21,21,21,25,25,21,25,26,23,21,20,22,23,26,24,FBgn0038167
CG9401,BL# 55260,1,2,23,19,19,20,18,20,21,21,23,22,21,19,23,20,19,22,20,20,24,18,FBgn0002736
OR,,1,2,20,17,20,18,17,18,20,18,18,19,16,17,17,17,18,21,19,20,21,18,Control
Tj>HpoRNAi,,1,2,19,20,21,18,18,18,20,20,22,19,20,19,17,18,21,20,18,18,20,22,Control
Tj>HpoRNAi,,2,2,20,20,21,19,20,21,21,21,19,20,18,21,22,20,18,19,23,19,20,17,Control
"Tj>HpoRNAi,Bab1RNAi",v50826,1,2,22,18,20,20,19,17,17,17,22,19,20,21,19,22,17,21,20,18,18,19,Control
"Tj>HpoRNAi,Bab2RNAi",BL# 35720,1,2,22,27,28,22,24,20,25,25,23,23,25,20,23,26,23,25,24,23,23,25,Control
"Tj>HpoRNAi,Hpo",,1,2,19,17,20,19,19,16,18,19,16,19,22,22,21,16,16,15,17,14,18,17,Control
"Tj>HpoRNAi,HpoRNAi",BL# 33614,1,2,21,19,25,25,28,26,24,28,23,20,20,21,21,22,21,25,21,19,21,20,Control
"Tj>HpoRNAi,Yki",,1,2,4,3,6,14,10,14,18,19,18,16,22,19,20,18,12,17,18,20,19,15,Control
"Tj>HpoRNAi,YkiRNAi",,1,2,17,16,19,23,18,16,21,16,17,17,16,19,23,16,17,18,14,18,16,21,Control
CG1004,BL# 41699,1,3,19,18,19,20,17,20,16,18,16,18,20,20,17,17,17,17,18,19,17,18,FBgn0004635
CG10924,BL# 36915,1,3,23,21,20,19,21,22,21,21,25,21,23,23,21,24,22,21,20,20,24,21,FBgn0034356
CG1107,BL# 35310,1,3,22,19,21,17,22,19,18,23,20,20,20,19,22,20,20,22,22,20,24,19,FBgn0037218
CG11941,BL# 33925,1,3,19,21,21,20,22,24,22,20,23,21,21,19,19,20,23,23,25,23,22,21,FBgn0026175
CG1200,BL# 26024,1,3,22,21,21,20,21,20,20,19,19,21,19,20,20,21,22,20,17,20,22,18,FBgn0040281
CG12021,BL# 35747,1,3,24,21,24,19,19,21,20,23,22,20,19,21,20,20,19,21,19,21,23,21,FBgn0067864
CG1210,BL# 27725,1,3,17,18,17,17,18,17,16,16,18,18,19,16,17,16,18,17,16,18,17,17,FBgn0020386
CG12559,BL# 34855,1,3,19,23,19,15,22,20,14,20,19,21,21,18,19,17,15,17,19,19,18,20,FBgn0003256
CG12919,BL# 55276,1,3,21,19,21,19,21,20,19,18,19,21,22,17,18,20,19,22,20,18,17,21,FBgn0033483
CG1374,BL# 35030,1,3,23,21,19,14,19,21,21,21,23,21,23,22,26,22,22,23,23,21,24,23,FBgn0003866
CG1594,BL# 35386,1,3,21,22,19,18,18,19,18,15,18,21,20,17,18,20,18,19,19,18,19,19,FBgn0004864
CG16738,BL# 34633,1,3,20,21,22,21,21,24,22,25,22,18,22,21,21,18,24,22,23,19,20,18,FBgn0003430
CG16983,BL# 32870,1,3,19,19,20,20,17,19,19,17,18,18,17,20,21,18,21,19,17,17,23,21,FBgn0025637
CG1708,BL# 44472,1,3,0,0,0,0,0,0,0,0,0,0,0,0,0,0,0,0,0,0,0,0,FBgn0000352
CG17117,BL# 34637,1,3,13,10,6,10,12,10,14,16,12,9,14,18,12,15,18,12,10,13,11,11,FBgn0001235
CG17610,BL# 55926,1,3,19,18,19,18,17,19,20,20,17,20,17,19,18,20,21,18,19,21,19,19,FBgn0001137
CG1799,BL# 51717,1,3,15,15,15,18,16,17,16,13,15,15,19,13,16,14,17,14,16,15,17,15,FBgn0003204
CG18361,BL# 31307,1,3,21,23,20,21,21,19,15,18,19,21,18,22,20,19,19,20,18,17,18,14,FBgn0000499
CG1877,BL# 36601,1,3,19,23,22,19,20,22,19,18,20,18,21,19,22,17,21,23,19,18,22,20,FBgn0015509
CG2048,BL# 35134,1,3,21,22,23,19,21,19,24,22,22,21,22,18,19,23,21,23,22,19,25,22,FBgn0002413
CG2204,BL# 34653,1,3,21,19,18,19,19,20,19,23,20,19,21,20,19,18,20,19,21,19,22,20,FBgn0001122
CG2248,BL# 34910,1,3,21,18,20,19,21,22,23,20,17,16,20,20,17,18,19,20,19,21,17,25,FBgn0010333
CG2275,BL# 31595,1,3,19,18,18,19,21,23,22,21,19,22,23,21,23,21,24,20,22,19,20,20,FBgn0001291
CG3004,BL# 34361,1,3,22,19,19,22,19,8,20,18,20,18,23,20,19,22,23,21,19,20,21,20,FBgn0264691
CG3051,BL# 32371,1,3,19,19,20,20,22,22,21,21,21,18,21,24,20,21,22,21,25,21,25,22,FBgn0023169
CG31421,BL# 55903,1,3,20,23,22,20,19,20,18,20,18,18,21,18,21,19,19,19,23,20,20,20,FBgn0046689
CG3143,BL# 32427,1,3,21,23,22,20,20,20,24,22,22,24,21,21,20,19,20,21,16,24,20,22,FBgn0038197
CG33542,BL# 32859,1,3,22,22,23,24,24,23,20,22,22,24,22,21,18,20,24,23,25,22,19,20,FBgn0053542
CG3396,BL# 54851,1,3,0,0,0,0,0,0,0,0,0,0,0,0,0,0,0,0,0,0,0,0,FBgn0040296
CG34403,BL# 26743,1,3,22,23,23,23,23,21,20,21,22,21,23,20,20,22,21,22,23,21,22,22,FBgn0085432
CG3779,BL# 35045,1,3,19,21,20,19,21,19,20,20,20,21,20,21,20,21,19,20,21,20,21,20,FBgn0002973
CG3848,BL# 36916,1,3,15,8,7,12,15,11,12,13,10,11,16,15,13,11,11,9,12,10,15,10,FBgn0023518
CG3992,BL# 34080,1,3,21,23,24,21,22,21,26,21,22,21,20,21,21,20,22,21,20,23,24,22,FBgn0003507
CG4006,BL# 33615,1,3,0,0,1,1,1,1,1,1,2,1,1,1,1,2,1,1,1,1,1,1,FBgn0010379
CG4027,BL# 42651,1,3,16,17,11,7,14,18,17,15,16,16,14,15,17,18,16,15,12,16,13,18,FBgn0000042
CG40293,BL# 34620,1,3,19,24,25,19,22,19,22,23,28,21,20,23,23,20,20,25,22,22,23,22,FBgn0046692
CG4114,BL# 34968,2,3,22,21,20,21,18,20,19,21,20,19,21,20,18,19,20,17,21,22,21,22,FBgn0004583
CG4220,BL# 41960,1,3,24,23,22,22,26,21,23,21,27,23,23,22,25,21,24,21,26,25,27,23,FBgn0004858
CG42281,BL# 28322,2,3,17,17,17,18,18,19,17,15,17,16,18,20,16,18,17,19,15,16,16,17,FBgn0259176
CG4320,BL# 34814,1,3,0,0,0,0,0,0,9,6,8,9,8,8,8,5,7,6,7,8,7,6,FBgn0029840
CG43770,BL# 34393,1,3,0,0,0,0,0,0,0,0,0,0,0,0,0,0,0,0,0,0,0,0,FBgn0264270
CG4379,BL# 35169,1,3,20,21,21,19,20,20,23,19,20,19,21,20,24,24,23,22,22,18,19,21,FBgn0000273
CG4427,BL# 38276,1,3,20,21,20,23,19,20,23,20,23,20,24,20,21,22,22,19,20,20,20,19,FBgn0043364
CG4656,BL# 42534,1,3,21,21,18,20,18,20,20,18,18,20,18,21,19,17,19,17,24,19,19,19,FBgn0039055
CG4698,BL# 29442,1,3,22,21,18,18,22,23,24,23,20,20,21,22,22,24,20,20,18,22,20,19,FBgn0010453
CG4720,BL# 35331,1,3,22,23,21,21,18,21,18,21,21,21,20,21,19,20,22,19,17,17,18,22,FBgn0014006
CG5055,BL# 35002,1,3,22,20,21,18,20,23,22,20,22,24,22,21,21,24,20,19,20,22,22,24,FBgn0000163
CG5083,BL# 36697,2,3,21,21,23,21,22,24,23,21,18,21,21,21,22,19,22,19,22,21,22,21,FBgn0038390
CG5216,BL# 53697,1,3,20,17,18,18,18,17,17,16,19,20,19,21,15,18,20,20,20,19,19,19,FBgn0024291
CG5575,BL# 34739,1,3,21,19,21,19,19,22,20,17,18,19,22,18,19,20,18,19,17,21,20,21,FBgn0011236
CG5686,BL# 36665,1,3,17,15,17,15,16,15,15,15,16,16,17,16,18,14,19,17,20,17,18,19,FBgn0024248
CG5884,BL# 39010,1,3,18,19,17,19,23,18,22,20,20,18,18,18,21,18,16,18,20,20,18,20,FBgn0026192
CG5974,BL# 41935,1,3,19,26,18,23,19,22,22,19,21,18,21,19,16,20,21,20,21,22,16,20,FBgn0010441
CG6099,BL# 29378,1,3,22,21,20,22,20,22,20,22,21,20,22,20,18,20,19,20,21,20,21,21,FBgn0002629
CG6147,BL# 52931,1,3,20,21,19,24,17,23,18,16,15,15,21,21,24,20,24,21,19,16,13,24,FBgn0026317
CG6193,BL# 28585,1,3,16,18,15,20,18,20,21,21,20,19,19,20,18,20,20,20,21,21,20,19,FBgn0026598
CG6535,BL# 44073,1,3,12,13,13,20,15,15,16,16,15,17,17,17,14,17,16,17,15,18,17,17,FBgn0045035
CG6667,BL# 34938,1,3,19,23,20,19,19,19,19,22,20,24,19,21,18,18,21,20,19,23,21,19,FBgn0260632
CG6794,BL# 30513,1,3,20,18,22,20,21,23,19,18,22,23,23,23,22,20,20,23,20,23,21,21,FBgn0011274
CG6964,BL# 32961,1,3,14,15,13,12,10,12,16,15,15,16,11,12,14,13,16,15,11,12,17,14,FBgn0010825
CG7097,BL# 53884,1,3,22,20,18,20,20,17,23,20,19,19,18,18,20,21,18,19,22,21,21,20,FBgn0263395
CG7109,BL# 27723,2,3,0,0,0,0,0,0,0,0,0,0,0,0,0,0,0,0,0,0,0,0,FBgn0004177
CG7413,BL# 36744,1,3,25,27,24,27,31,31,31,29,31,29,30,26,22,32,29,27,30,26,30,27,FBgn0015799
CG7524,BL# 51772,1,3,20,21,20,19,18,19,19,21,20,20,20,20,19,19,18,21,22,21,20,19,FBgn0262733
CG7734,BL# 34689,2,3,27,20,21,21,23,22,25,22,21,20,26,20,21,20,24,24,26,24,21,27,FBgn0003396
CG7895,BL# 50663,1,3,18,20,21,22,23,20,20,25,20,21,20,19,20,23,21,20,20,22,23,23,FBgn0004110
CG7935,BL# 34998,1,3,20,21,23,15,18,21,23,24,20,18,22,23,21,20,21,26,20,19,24,18,FBgn0026252
CG7951,BL# 26207,1,3,22,20,16,18,21,25,21,18,19,23,21,18,19,19,24,22,20,19,21,22,FBgn0266411
CG7996,BL# 41723,1,3,21,22,23,20,21,22,21,23,20,22,22,19,22,22,20,22,19,22,25,21,FBgn0003450
CG8118,BL# 28046,1,3,7,4,2,14,19,19,18,16,16,15,11,13,14,17,16,17,18,17,14,17,FBgn0002643
CG8167,BL# 32475,1,3,25,20,21,22,27,22,26,22,21,22,24,22,23,22,25,22,24,26,22,24,FBgn0036046
CG8222,BL# 37520,1,3,16,19,19,16,19,19,18,18,18,20,18,20,18,19,19,23,20,19,18,21,FBgn0032006
CG8264,BL# 34777,1,3,13,15,12,21,12,18,13,11,15,12,12,14,17,14,10,17,14,14,13,10,FBgn0004856
CG8328,BL# 26203,1,3,19,19,23,20,21,18,22,22,23,25,24,23,22,19,24,26,22,21,21,22,FBgn0002734
CG8384,BL# 35759,1,3,13,12,22,22,5,10,12,10,19,21,20,20,10,12,11,9,22,21,8,11,FBgn0001139
CG8416,BL# 32383,1,3,0,0,0,0,0,0,0,0,0,0,0,0,0,0,0,0,0,0,0,0,FBgn0014020
CG8433,BL# 52883,1,3,0,0,0,0,0,0,0,0,0,0,0,0,0,0,0,0,0,0,0,0,FBgn0029175
CG8704,BL# 51440,1,3,21,22,22,24,21,19,20,25,19,20,21,21,21,22,22,23,21,20,23,23,FBgn0010109
CG8781,BL# 55367,1,3,19,18,18,19,19,17,18,18,18,19,19,21,19,17,20,19,18,19,18,17,FBgn0033378
CG8866,BL# 35187,1,3,21,21,22,23,21,24,25,25,22,24,26,20,19,21,22,28,19,22,21,22,FBgn0037679
CG8905,BL# 36871,1,3,24,24,22,19,18,23,21,23,19,22,19,21,22,21,21,19,22,19,18,22,FBgn0010213
CG9375,BL# 35414,1,3,23,19,22,24,19,26,20,22,24,21,20,24,20,18,24,22,22,22,20,24,FBgn0003205
CG9772,BL# 34807,1,3,20,20,17,20,22,21,21,23,23,21,22,17,21,18,23,20,24,22,23,19,FBgn0037236
OR,,1,3,20,20,19,19,20,19,20,20,21,19,20,19,18,18,21,19,19,17,21,19,Control
Tj>HpoRNAi,,1,3,19,18,21,20,20,21,19,19,19,18,18,22,21,21,20,21,21,19,21,19,Control
Tj>HpoRNAi,,2,3,21,21,19,19,19,21,19,17,22,21,23,20,23,20,20,19,22,19,18,20,Control
"Tj>HpoRNAi,Bab2RNAi",BL# 35720,1,3,24,21,17,20,18,24,21,22,21,24,21,24,20,22,24,18,19,20,21,26,Control
"Tj>HpoRNAi,Hpo",,1,3,15,15,15,16,17,18,16,18,15,17,16,19,16,16,18,16,17,15,16,16,Control
"Tj>HpoRNAi,HpoRNAi",BL# 33614,1,3,23,24,18,19,21,19,20,24,20,18,18,23,23,24,21,25,22,21,21,21,Control
"Tj>HpoRNAi,Yki",,1,3,16,13,15,19,18,14,10,19,12,16,9,5,12,17,14,16,17,13,15,10,Control
"Tj>HpoRNAi,YkiRNAi",,1,3,16,18,18,19,19,17,19,17,17,16,15,19,18,17,16,17,18,14,17,16,Control
CG10117,BL# 51480,1,4,18,20,21,20,19,19,20,20,21,17,18,17,17,19,21,17,20,19,19,18,FBgn0265974
CG10124,BL# 50951,1,4,20,18,22,17,20,18,18,19,20,18,18,19,20,18,18,20,17,18,20,20,FBgn0035709
CG10798,BL# 43962,1,4,17,20,19,21,16,21,18,20,19,16,17,19,18,20,18,19,18,17,19,18,FBgn0262656
CG10967,BL# 44034,1,4,17,18,20,21,17,19,20,20,18,19,17,19,17,18,19,17,17,17,17,21,FBgn0260945
CG11062,BL# 42493,2,4,20,18,21,19,22,19,20,20,23,21,17,19,20,19,21,18,18,18,19,18,FBgn0024913
CG11064,BL# 33388,1,4,21,21,18,19,20,18,18,19,20,21,21,19,19,19,21,20,25,22,20,19,FBgn0087002
CG11084,BL# 32413,1,4,0,0,0,0,0,0,0,0,0,0,0,0,0,0,0,0,0,0,0,0,FBgn0003090
CG11217,BL# 38971,1,4,19,22,23,18,22,21,19,21,22,20,22,19,22,22,22,22,21,23,19,21,FBgn0015614
CG1133,BL# 34706,2,4,22,17,19,21,20,21,17,20,18,17,21,20,18,20,22,22,18,19,21,19,FBgn0003002
CG11518,BL# 38208,1,4,18,18,18,18,21,20,21,22,22,18,19,19,20,18,19,19,19,17,18,20,FBgn0043900
CG11579,BL# 35004,1,4,13,14,18,14,12,16,13,14,17,14,0,0,17,21,0,0,14,12,17,13,FBgn0000117
CG11658,BL# 43298,1,4,19,20,18,20,18,18,18,18,19,17,18,19,16,18,17,20,19,20,19,18,FBgn0036196
CG11992,BL# 33661,1,4,20,20,24,20,20,19,22,20,18,19,21,23,19,19,22,22,25,20,20,26,FBgn0014018
CG12066,BL# 55859,1,4,20,19,18,19,18,18,19,19,19,19,21,18,20,17,19,18,20,18,19,19,FBgn0000274
CG12147,BL# 42612,1,4,19,19,20,20,20,23,18,19,21,18,21,20,21,21,22,18,20,21,18,22,FBgn0037325
CG12227,,2,4,19,21,21,19,19,20,22,22,20,22,23,21,23,18,22,22,23,21,21,22,FBgn0034863
CG12244,BL# 35154,1,4,19,21,21,22,22,21,14,21,18,20,20,21,27,23,23,19,21,22,24,21,FBgn0261524
CG12283,,1,4,19,19,18,19,19,19,22,20,21,21,18,20,21,21,19,21,20,21,21,19,FBgn0015399
CG12334,BL# 34900,1,4,19,21,19,19,18,19,18,22,16,20,20,21,18,18,22,23,22,23,16,17,FBgn0038539
CG13076,BL# 55379,1,4,20,20,20,18,22,21,20,17,18,17,20,20,19,17,20,21,22,22,18,19,FBgn0044028
CG13139,,1,4,18,21,20,21,19,21,22,18,21,20,17,19,21,19,20,21,19,18,19,20,FBgn0032230
CG13194,,1,4,19,19,21,21,19,20,18,19,21,19,21,21,20,16,19,18,18,21,19,20,FBgn0033649
CG1389,BL# 33627,1,4,21,21,20,18,21,22,20,21,19,19,19,21,19,19,20,21,20,21,19,18,FBgn0003733
CG14026,BL# 41904,1,4,19,20,21,21,21,19,21,19,20,21,19,18,18,19,18,22,19,26,19,19,FBgn0003716
CG14622,BL# 39058,1,4,22,21,23,25,20,19,19,22,21,21,22,22,24,24,22,19,21,20,21,23,FBgn0025641
CG1634,BL# 38215,1,4,19,18,19,23,21,20,18,20,19,20,18,21,21,18,20,19,21,20,19,19,FBgn0264975
CG16785,BL# 44468,1,4,21,21,18,17,18,18,16,18,19,17,22,18,15,17,17,18,19,20,16,19,FBgn0027343
CG16910,BL# 35572,1,4,23,23,23,22,20,22,20,22,21,18,21,19,20,23,22,18,24,23,20,19,FBgn0041205
CG16973,BL# 42518,1,4,8,7,8,7,9,7,11,8,8,8,7,9,9,7,7,11,8,11,12,8,FBgn0010909
CG17051,,1,4,22,18,21,20,20,21,16,20,20,21,22,19,18,19,19,22,20,20,21,19,FBgn0015379
CG17090,,1,4,19,19,23,21,20,20,21,20,19,19,23,21,21,22,19,19,21,20,19,19,FBgn0035142
CG17291,BL# 43283,2,4,22,22,20,20,22,18,20,18,22,21,18,23,18,20,21,20,18,20,22,21,FBgn0260439
CG17520,BL# 35136,1,4,14,12,10,8,12,8,16,14,13,12,14,12,11,14,10,8,17,13,12,9,FBgn0264492
CG17596,BL# 51694,1,4,22,19,20,22,22,19,23,18,22,24,24,21,22,21,21,21,19,22,21,22,FBgn0262866
CG18085,BL# 55866,1,4,20,19,19,14,18,18,19,24,22,18,21,17,20,17,21,19,18,16,21,19,FBgn0003366
CG18247,BL# 55874,1,4,20,21,26,20,20,19,23,21,20,21,22,20,19,19,20,21,22,20,23,21,FBgn0015295
CG30498,,1,4,18,18,18,20,20,20,20,19,21,19,17,17,19,18,20,20,21,19,18,18,FBgn0004132
CG31196,BL# 34884,1,4,23,17,19,19,20,17,19,21,21,20,17,16,16,18,19,19,19,19,21,16,FBgn0020238
CG32018,BL# 36716,1,4,19,22,19,22,20,20,21,22,18,20,18,22,19,22,20,21,20,20,20,18,FBgn0011642
CG32672,BL# 58309,1,4,21,19,18,22,18,22,21,20,20,19,20,18,21,21,18,20,20,16,22,20,FBgn0052672
CG33166,,1,4,22,21,23,21,21,24,21,21,20,20,21,23,23,20,22,21,21,21,20,20,FBgn0020248
CG33336,BL# 41638,1,4,18,18,18,20,20,20,21,18,18,18,22,21,18,20,22,20,18,19,18,20,FBgn0039044
CG3715,,1,4,22,20,22,21,21,20,20,20,20,22,20,19,20,20,19,19,21,21,18,22,FBgn0015296
CG4035,BL# 34096,1,4,0,0,0,0,0,0,0,0,0,0,0,0,0,0,0,0,0,0,0,0,FBgn0015218
CG42318,BL# 35280,1,4,18,18,18,19,16,17,19,18,16,16,18,14,20,18,19,20,20,22,17,18,FBgn0260941
CG42576,BL# 53003,1,4,18,21,16,17,17,17,17,16,19,18,16,18,18,18,16,16,17,16,18,19,FBgn0261526
CG43140,BL# 35225,1,4,23,23,26,22,24,23,24,24,24,25,22,28,22,24,23,23,23,27,24,26,FBgn0262614
CG4971,,1,4,20,20,18,19,19,22,15,19,15,21,17,20,17,19,19,19,18,19,17,18,FBgn0031903
CG5092,BL# 33951,1,4,1,1,1,1,1,1,1,1,1,1,1,1,1,1,1,1,1,1,1,1,FBgn0021796
CG5504,BL# 28594,1,4,13,14,14,12,10,9,11,12,17,16,18,17,18,20,17,16,12,16,13,12,FBgn0002174
CG5988,BL# 33949,1,4,12,16,0,0,11,17,15,13,10,13,19,23,12,14,11,10,18,12,11,14,FBgn0030904
CG6033,,1,4,19,19,20,19,21,20,15,21,17,20,19,21,21,20,20,22,16,18,20,20,FBgn0004638
CG6518,BL# 33768,1,4,19,19,18,19,18,21,23,20,17,19,20,19,19,17,20,21,19,20,21,19,FBgn0004784
CG6963,BL# 35138,1,4,22,23,22,23,22,27,24,21,20,21,22,24,26,21,22,19,23,21,24,22,FBgn0250823
CG7717,BL# 35402,1,4,23,20,24,20,19,22,22,23,22,22,24,23,23,25,24,23,22,20,23,22,FBgn0024329
CG8881,,1,4,19,20,20,20,22,20,21,21,23,21,19,23,20,20,19,21,21,22,20,21,FBgn0026176
CG9196,,1,4,22,21,20,16,20,22,22,24,21,20,23,23,23,21,23,21,24,22,20,21,FBgn0035056
CG9211,,1,4,20,18,20,18,19,20,20,19,17,19,18,21,18,19,20,21,17,19,20,19,FBgn0031872
CG9768,BL# 34736,1,4,20,20,25,20,17,19,20,21,22,22,19,20,21,18,22,21,20,18,20,20,FBgn0261434
CG9962,,1,4,16,16,20,19,19,22,20,22,19,19,23,19,17,22,21,20,20,22,19,20,FBgn0031441
OR,,1,4,20,18,17,15,22,20,17,18,19,19,21,18,17,20,16,17,16,16,19,19,Control
Tj>HpoRNAi,,1,4,19,19,22,21,20,18,21,21,20,21,20,20,18,18,16,20,20,20,19,20,Control
Tj>HpoRNAi,,2,4,17,19,18,17,21,17,20,18,19,18,24,21,20,19,19,19,21,22,20,18,Control
"Tj>HpoRNAi,Bab1RNAi",v50826,1,4,18,18,19,20,21,18,16,17,19,18,17,17,19,21,20,21,19,21,20,20,Control
"Tj>HpoRNAi,Bab2RNAi",BL# 35720,1,4,19,24,21,19,22,20,19,19,19,19,21,22,21,28,21,22,19,19,24,22,Control
"Tj>HpoRNAi,Hpo",,1,4,18,18,18,17,17,16,16,15,15,18,16,15,17,19,16,18,15,16,18,17,Control
"Tj>HpoRNAi,HpoRNAi",BL# 33614,1,4,18,18,18,17,22,19,20,24,21,17,20,19,21,23,24,20,23,21,19,24,Control
"Tj>HpoRNAi,Yki",,1,4,16,18,14,18,20,15,8,14,4,21,6,16,14,16,18,21,14,5,16,14,Control
"Tj>HpoRNAi,YkiRNAi",,1,4,17,18,16,14,16,15,17,18,21,18,14,17,15,18,19,17,16,15,18,17,Control
CG10067,,1,5,23,22,20,21,24,21,22,23,23,20,19,22,22,22,23,21,23,22,20,22,FBgn0000044
CG10491,,1,5,15,17,17,18,14,16,17,17,18,17,19,17,15,16,11,17,16,16,15,18,FBgn0003984
CG10601,,1,5,19,19,17,17,20,16,21,18,18,19,18,18,20,21,19,20,20,21,19,19,FBgn0014343
CG10711,BL# 38286,1,5,5,4,3,4,2,1,1,1,1,1,1,1,2,1,3,2,1,1,1,1,FBgn0086785
CG10837,,1,5,16,13,20,17,17,15,18,20,19,21,17,19,21,19,17,16,19,17,21,16,FBgn0020660
CG10944,BL# 32418,1,5,14,9,15,14,14,23,4,4,14,10,5,11,12,11,14,13,12,17,5,8,FBgn0261592
CG11009,BL# 34603,1,5,22,23,21,21,22,23,23,21,19,22,20,21,22,23,24,22,21,20,25,22,FBgn0036318
CG11063,BL# 32923,1,5,17,17,21,18,23,21,20,22,18,19,21,22,19,20,20,21,22,20,21,18,FBgn0030530
CG11086,BL# 35023,1,5,21,20,20,20,20,25,24,20,21,21,20,19,20,18,21,20,20,22,20,18,FBgn0033153
CG11228,BL# 35176,1,5,18,19,19,24,24,26,22,23,24,27,22,20,23,30,27,21,21,24,20,28,FBgn0261456
CG11324,BL# 41908,1,5,25,25,26,25,26,24,24,22,26,24,22,18,26,25,26,24,26,25,24,22,FBgn0025777
CG11546,BL# 53349,1,5,20,23,21,23,21,22,21,19,18,20,20,20,21,22,22,19,22,24,20,22,FBgn0010504
CG11561,BL# 43134,1,5,18,19,16,15,14,15,4,13,18,15,15,21,23,21,18,17,16,17,16,15,FBgn0003444
CG11895,BL# 35050,1,5,22,21,20,21,22,23,22,21,23,19,19,20,21,20,22,24,21,26,23,23,FBgn0024836
CG11942,,1,5,23,21,18,20,20,18,20,19,20,23,21,21,21,21,19,20,21,19,21,21,FBgn0031074
CG11990,BL# 35238,1,5,18,20,25,23,19,22,24,23,20,20,24,22,21,19,21,18,20,19,20,20,FBgn0037657
CG12072,BL# 34064,1,5,20,19,19,20,20,19,17,19,18,17,22,17,17,21,17,21,21,18,25,20,FBgn0011739
CG1214,BL# 41593,1,5,22,22,21,20,19,19,21,21,21,20,21,22,21,21,20,20,21,22,21,19,FBgn0003295
CG12530,BL# 37477,1,5,20,18,21,21,21,22,20,20,21,22,20,20,21,20,21,21,21,19,20,21,FBgn0010341
CG1258,BL# 43963,1,5,0,0,0,0,0,0,0,0,4,7,11,8,9,6,4,8,6,3,13,8,FBgn0011692
CG13852,BL# 34959,1,5,21,23,20,22,21,18,23,20,20,21,21,17,18,22,18,18,22,26,22,24,FBgn0038965
CG14821,BL# 53704,1,5,23,18,18,21,21,19,18,21,20,21,21,25,18,19,24,21,18,21,21,19,FBgn0035719
CG15066,,1,5,20,20,19,18,18,21,18,22,18,19,17,20,19,20,18,19,19,19,21,21,FBgn0034328
CG15224,BL# 42943,1,5,15,18,16,11,16,9,20,13,13,13,17,17,14,18,17,17,21,16,12,13,FBgn0000259
CG15319,BL# 37489,1,5,0,0,0,0,0,0,0,0,0,0,0,0,0,0,0,0,0,0,0,0,FBgn0261617
CG15400,,1,5,18,21,20,23,21,19,21,20,20,16,22,20,22,25,18,21,19,21,20,21,FBgn0031463
CG15800,,1,5,19,19,19,22,18,20,23,20,22,21,22,22,19,20,20,23,21,18,20,19,FBgn0034904
CG16705,BL# 33926,1,5,0,0,0,0,0,0,0,0,0,0,0,0,0,0,0,0,0,0,13,9,FBgn0039102
CG16982,,1,5,0,0,0,0,0,0,0,0,0,0,0,0,0,0,0,0,0,0,0,0,FBgn0025638
CG17077,BL# 35038,1,5,22,18,18,22,20,20,22,23,24,20,25,20,21,17,21,21,22,23,25,21,FBgn0003118
CG17941,BL# 28008,1,5,25,25,21,22,21,21,23,23,21,20,22,22,19,20,22,20,21,20,22,21,FBgn0284247
CG17998,BL# 34843,1,5,20,18,19,17,20,19,16,20,22,24,20,19,19,18,21,19,20,21,18,22,FBgn0261988
CG18069,BL# 35330,1,5,24,22,21,19,21,22,21,22,22,24,21,22,22,22,24,23,22,21,22,23,FBgn0264607
CG1857,,1,5,18,18,19,18,18,17,20,20,21,22,18,19,19,19,19,20,18,15,19,18,FBgn0002930
CG1921,BL# 36709,1,5,27,25,22,23,22,20,23,27,21,23,22,23,20,23,23,20,23,22,27,23,FBgn0014388
CG2903,BL# 28026,1,5,19,19,21,24,21,25,22,19,22,21,20,23,19,20,19,17,20,22,18,17,FBgn0031450
CG30476,,1,5,20,20,21,23,19,21,20,19,21,23,19,20,22,21,20,19,21,19,22,20,FBgn0050476
CG3096,,1,5,22,21,23,21,22,20,22,23,21,23,20,21,19,19,20,19,22,20,20,24,FBgn0000216
CG31003,,1,5,20,21,21,20,20,21,19,18,19,19,21,20,22,20,21,21,20,19,20,21,FBgn0046332
CG31317,,1,5,21,21,20,23,23,18,20,21,18,19,25,19,22,19,20,21,22,19,21,20,FBgn0020299
CG31431,,1,5,22,24,22,24,20,21,20,19,24,20,21,22,24,24,18,20,24,22,24,24,FBgn0051431
CG32134,BL# 40871,1,5,17,17,17,18,23,25,22,22,22,24,21,18,21,19,19,20,22,20,19,19,FBgn0285896
CG32717,BL# 35291,1,5,18,20,19,22,20,18,19,18,21,21,18,16,22,20,18,19,19,17,16,21,FBgn0261873
CG32796,,1,5,21,21,16,17,16,16,21,18,16,20,19,16,22,17,11,17,20,19,21,18,FBgn0040388
CG33100,BL# 43990,1,5,18,19,19,19,18,20,17,18,18,19,18,20,18,19,20,19,18,18,19,18,FBgn0053100
CG34389,,1,5,20,21,20,19,22,22,23,18,22,24,23,23,23,20,20,20,20,18,19,20,FBgn0285955
CG3936,BL# 33616,1,5,0,3,4,4,7,6,5,4,6,7,6,5,4,5,7,5,5,6,4,7,FBgn0004647
CG3938,BL# 36092,1,5,21,21,20,22,20,21,18,21,20,21,23,20,22,21,18,23,20,18,19,21,FBgn0010382
CG42312,BL# 38194,1,5,19,19,22,18,22,19,20,20,22,18,21,20,22,20,22,19,20,21,19,22,FBgn0259212
CG42783,BL# 34332,1,5,18,24,21,17,22,27,21,23,24,25,24,20,23,20,20,21,23,21,20,26,FBgn0261854
CG43398,BL# 39073,1,5,19,18,19,18,15,18,17,19,18,19,17,17,19,17,19,18,18,20,16,16,FBgn0263289
CG4353,BL# 35210,1,5,25,26,25,26,24,23,20,23,22,20,26,21,24,26,24,22,20,23,23,25,FBgn0010303
CG44128,,1,5,18,18,19,19,18,20,21,22,19,13,21,20,21,20,20,22,18,21,23,21,FBgn0264959
CG4943,BL# 40905,1,5,18,22,19,22,20,17,22,19,22,17,21,21,22,19,20,21,17,20,22,19,FBgn0029006
CG5185,,1,5,19,23,22,21,22,20,20,19,21,22,22,21,21,23,20,19,20,23,9,20,FBgn0026320
CG5605,,1,5,0,0,23,13,12,10,0,0,0,0,0,0,19,16,0,0,0,0,20,14,FBgn0036974
CG5671,BL# 33643,1,5,29,29,30,24,28,23,24,23,24,28,27,23,29,24,28,23,27,24,26,24,FBgn0026379
CG5814,BL# 41979,1,5,19,21,20,24,22,26,23,27,19,19,21,18,24,20,22,21,18,20,23,24,FBgn0015625
CG5912,BL# 53342,1,5,17,21,17,19,22,18,21,21,19,20,22,17,17,17,22,19,19,20,20,20,FBgn0000119
CG6104,,1,5,1,1,20,20,19,9,18,19,18,19,20,18,17,17,19,20,19,20,17,18,FBgn0002592
CG6205,,1,5,23,22,22,20,22,22,23,20,21,24,22,21,21,22,22,22,21,22,23,22,FBgn0004957
CG6383,BL# 38373,1,5,18,15,20,21,20,19,20,20,19,18,20,20,19,19,19,18,20,18,18,20,FBgn0259685
CG6551,BL# 41588,1,5,21,19,20,18,19,19,19,21,22,21,20,24,19,21,19,19,21,20,22,20,FBgn0001079
CG6843,,1,5,20,22,21,21,19,19,19,19,18,18,19,18,17,21,18,18,18,19,20,22,FBgn0036827
CG7037,BL# 27500,1,5,19,22,22,20,23,23,23,20,24,24,24,22,18,24,24,21,19,24,26,27,FBgn0020224
CG7225,,1,5,19,20,21,19,19,19,17,18,16,18,20,18,17,22,20,18,22,19,22,19,FBgn0004003
CG7467,BL# 35447,1,5,16,18,19,19,13,14,14,15,14,15,16,15,15,15,14,15,15,16,13,14,FBgn0261885
CG7850,BL# 34392,1,5,22,23,21,22,19,24,25,19,24,19,17,17,18,24,22,24,21,23,19,23,FBgn0243512
CG8146,,1,5,17,18,22,20,19,15,22,22,19,17,20,22,21,23,21,18,20,23,21,22,FBgn0030869
CG8285,,1,5,21,17,19,19,20,21,18,17,19,17,21,18,21,19,17,19,16,19,18,24,FBgn0000206
CG8337,,1,5,21,20,17,23,21,22,18,20,19,21,20,22,19,20,20,21,21,23,19,21,FBgn0002732
CG8354,,1,5,21,21,20,21,22,23,22,21,21,19,22,22,22,21,20,18,21,19,20,23,FBgn0002632
CG8624,,1,5,21,19,19,19,21,19,18,20,19,19,21,20,21,20,20,19,21,20,20,21,FBgn0023001
CG9096,BL# 33653,1,5,19,19,21,19,22,17,18,18,18,19,18,19,22,20,17,18,19,18,18,18,FBgn0010315
CG9224,,2,5,17,17,20,20,21,21,17,19,17,17,18,17,19,18,21,19,20,20,17,19,FBgn0003463
CG9314,,1,5,18,16,17,13,19,15,20,22,16,19,16,18,19,17,19,17,16,19,15,17,FBgn0032061
CG9949,BL# 40842,1,5,20,18,18,20,19,22,20,19,19,20,20,21,21,22,21,19,18,18,21,20,FBgn0003410
OR,,1,5,18,18,20,18,18,16,20,19,18,20,19,18,18,19,19,20,17,19,20,20,Control
Tj>HpoRNAi,,1,5,21,22,20,22,18,18,19,21,26,21,21,23,20,21,23,21,18,20,24,19,Control
Tj>HpoRNAi,,2,5,19,19,17,20,18,17,19,21,22,21,19,20,22,22,21,22,22,23,20,20,Control
"Tj>HpoRNAi,Bab1RNAi",v50826,1,5,17,20,19,20,21,21,20,21,24,20,18,23,21,23,20,22,20,19,19,20,Control
"Tj>HpoRNAi,Bab2RNAi",BL# 35720,1,5,29,22,21,24,24,22,24,22,24,22,24,22,24,21,22,24,23,21,27,24,Control
"Tj>HpoRNAi,Hpo",,1,5,15,14,20,20,20,19,19,21,17,17,19,20,17,19,21,20,15,16,21,20,Control
"Tj>HpoRNAi,HpoRNAi",BL# 33614,1,5,24,22,21,22,25,21,20,23,21,23,21,21,24,22,21,22,22,22,23,21,Control
"Tj>HpoRNAi,Yki",,1,5,19,17,2,12,18,21,19,23,19,19,18,21,21,23,21,18,15,20,15,15,Control
"Tj>HpoRNAi,YkiRNAi",,1,5,20,18,21,21,17,20,21,17,17,19,17,19,20,18,19,17,15,18,19,20,Control
CG12676,BL# 38209,1,6,21,17,20,22,19,22,23,22,21,18,17,20,21,20,19,20,21,22,20,21,FBgn0000547
CG14173,BL# 32861,1,6,25,24,21,23,20,24,18,22,23,19,19,23,23,20,22,21,20,21,20,20,FBgn0044051
CG14228,BL# 34958,1,6,23,21,23,23,22,22,26,25,18,24,18,22,20,18,20,24,24,15,21,21,FBgn0086384
CG15110,,1,6,21,22,21,22,17,18,19,21,20,20,18,18,20,21,20,18,21,21,19,20,FBgn0027535
CG1768,,1,6,17,17,19,18,17,19,16,20,17,20,20,20,22,19,21,20,19,18,20,17,FBgn0011202
CG31695,,1,6,16,20,20,23,21,18,21,22,22,20,20,21,22,20,22,23,16,17,23,19,FBgn0005590
CG42840,BL# 33754,1,6,20,23,22,25,21,26,24,20,21,20,22,21,17,19,22,21,20,21,22,21,FBgn0262029
CG4451,,1,6,20,18,21,22,22,20,19,18,22,21,21,19,20,21,19,18,22,19,21,19,FBgn0038755
CG5178,,1,6,17,12,16,19,15,17,19,20,19,21,21,20,26,28,19,20,21,20,22,19,FBgn0000047
CG5993,BL# 33680,1,6,23,25,19,19,21,18,21,22,22,23,22,24,23,20,20,19,24,22,22,24,FBgn0004956
CG6705,,1,6,23,25,24,25,22,25,21,20,21,21,25,26,23,24,24,25,20,22,23,24,FBgn0003867
CG7392,BL# 34522,1,6,16,12,8,14,15,13,15,16,14,11,17,14,13,15,7,13,12,11,15,12,FBgn0044323
CG8053,,1,6,0,0,0,0,0,0,0,0,0,0,0,0,0,0,0,0,0,0,0,0,FBgn0026250
CG8556,,1,6,14,11,12,16,12,11,16,11,13,12,12,11,14,12,11,12,16,12,14,12,FBgn0014011
CG8914,,1,6,18,21,19,20,21,21,21,19,21,22,22,19,22,21,22,26,20,20,20,21,FBgn0026136
CG9774,,1,6,20,21,23,27,23,22,24,22,25,25,25,30,25,22,25,25,22,25,23,26,FBgn0026181
OR,,1,6,19,18,21,19,20,19,17,20,18,21,20,19,19,21,20,20,19,18,18,19,Control
Tj>HpoRNAi,,1,6,19,21,22,18,20,20,15,18,22,18,20,22,18,18,22,22,17,16,18,19,Control
Tj>HpoRNAi,,2,6,20,20,19,18,21,20,21,18,20,21,18,18,19,19,20,20,19,18,19,19,Control
"Tj>HpoRNAi,Bab1RNAi",v50826,1,6,21,22,20,19,21,20,18,19,21,20,21,21,21,20,22,20,20,19,19,22,Control
"Tj>HpoRNAi,Bab2RNAi",BL# 35720,1,6,25,27,24,21,25,27,23,25,26,23,21,23,24,25,24,26,24,21,23,21,Control
"Tj>HpoRNAi,Hpo",,1,6,19,19,18,15,16,15,15,17,16,15,18,19,19,18,19,19,15,17,14,16,Control
"Tj>HpoRNAi,HpoRNAi",BL# 33614,1,6,24,22,21,23,20,22,21,20,23,20,19,22,24,22,23,21,23,21,24,20,Control
"Tj>HpoRNAi,Yki",,1,6,20,20,11,17,19,17,16,19,15,22,21,20,11,16,14,18,19,17,16,15,Control
"Tj>HpoRNAi,YkiRNAi",,1,6,13,12,13,17,18,14,14,15,17,16,15,16,17,13,14,15,17,15,18,14,Control